{
  "project_info": {
    "project_number": "331105743292",
    "firebase_url": "https://motus-e3989.firebaseio.com",
    "project_id": "motus-e3989",
    "storage_bucket": "motus-e3989.appspot.com"
  },
  "client": [
    {
      "client_info": {
        "mobilesdk_app_id": "1:331105743292:android:68d053598e27206c",
        "android_client_info": {
          "package_name": "com.motus"
        }
      },
      "oauth_client": [
        {
          "client_id": "331105743292-n03u65o3decnoct6rjnm174mgutjsvft.apps.googleusercontent.com",
          "client_type": 1,
          "android_info": {
            "package_name": "com.motus",
            "certificate_hash": "6843ddc81255c0deedab488346b507f1e1ed7555"
          }
        },
        {
          "client_id": "331105743292-nj0d93af5p3ds0ul7kt1gjbgrm6qnflv.apps.googleusercontent.com",
          "client_type": 3
        }
      ],
      "api_key": [
        {
          "current_key": "AIzaSyB742fAXCzMaVzFMoVxkJ8TbkCaUhobkKI"
        }
      ],
      "services": {
        "analytics_service": {
          "status": 1
        },
        "appinvite_service": {
          "status": 2,
          "other_platform_oauth_client": [
            {
              "client_id": "331105743292-nj0d93af5p3ds0ul7kt1gjbgrm6qnflv.apps.googleusercontent.com",
              "client_type": 3
            }
          ]
        },
        "ads_service": {
          "status": 2
        }
      }
    }
  ],
  "configuration_version": "1"
}